"Delovno aktivno prebivalstvo po obèinah prebivališèa in spolu, Slovenija, letno"

"OBÈINE";"SPOL";"2005 2 Delovno aktivno prebivalstvo po prebivališèu - SKUPAJ";"2006 2 Delovno aktivno prebivalstvo po prebivališèu - SKUPAJ";"2007 2 Delovno aktivno prebivalstvo po prebivališèu - SKUPAJ";"2008 2 Delovno aktivno prebivalstvo po prebivališèu - SKUPAJ";"2009 2 Delovno aktivno prebivalstvo po prebivališèu - SKUPAJ";"2010 2 Delovno aktivno prebivalstvo po prebivališèu - SKUPAJ";"2011 2 Delovno aktivno prebivalstvo po prebivališèu - SKUPAJ";"2012 2 Delovno aktivno prebivalstvo po prebivališèu - SKUPAJ";"2013 2 Delovno aktivno prebivalstvo po prebivališèu - SKUPAJ";"2014 2 Delovno aktivno prebivalstvo po prebivališèu - SKUPAJ";"2015 2 Delovno aktivno prebivalstvo po prebivališèu - SKUPAJ";"2016 2 Delovno aktivno prebivalstvo po prebivališèu - SKUPAJ";"2017 2 Delovno aktivno prebivalstvo po prebivališèu - SKUPAJ";"2018 2 Delovno aktivno prebivalstvo po prebivališèu - SKUPAJ";"2019 2 Delovno aktivno prebivalstvo po prebivališèu - SKUPAJ";"2020 2 Delovno aktivno prebivalstvo po prebivališèu - SKUPAJ"
"SLOVENIJA";"Spol - SKUPAJ";813100;824839;853999;879257;858171;835039;823967;810001;793597;797792;804637;817209;845454;872772;894229;888918
"Ajdovšèina";"Spol - SKUPAJ";7412;7444;7702;8073;8020;7753;7475;7298;7107;7236;7414;7609;7948;8265;8489;8750
"Ankaran/Ancarano";"Spol - SKUPAJ";-;-;-;-;-;-;-;-;-;-;1355;1379;1383;1414;1433;1391
"Apaèe";"Spol - SKUPAJ";-;-;1337;1358;1317;1262;1218;1163;1118;1092;1084;1047;1060;1061;1060;1062
"Beltinci";"Spol - SKUPAJ";3384;3438;3511;3563;3418;3192;3247;3134;3091;3007;2973;2976;3020;3130;3141;3157
"Benedikt";"Spol - SKUPAJ";820;853;918;976;966;962;1000;995;959;966;958;955;989;1047;1063;1053
"Bistrica ob Sotli";"Spol - SKUPAJ";517;526;546;562;547;526;570;521;527;522;499;503;527;542;545;554
"Bled";"Spol - SKUPAJ";4348;4401;3342;3335;3248;3176;3166;3126;3058;3058;3071;3148;3195;3284;3395;3340
"Bloke";"Spol - SKUPAJ";692;731;768;777;725;680;695;669;630;643;643;653;690;750;760;753
"Bohinj";"Spol - SKUPAJ";2188;2181;2206;2252;2222;2146;2053;2031;2009;2010;2020;2019;2128;2200;2257;2330
"Borovnica";"Spol - SKUPAJ";1705;1741;1810;1841;1813;1802;1757;1677;1624;1677;1695;1739;1826;1926;1977;2020
"Bovec";"Spol - SKUPAJ";1298;1276;1325;1349;1295;1252;1271;1254;1177;1152;1151;1171;1222;1281;1315;1324
"Braslovèe";"Spol - SKUPAJ";2070;2131;2236;2305;2235;2208;2215;2215;2161;2177;2173;2232;2302;2351;2398;2494
"Brda";"Spol - SKUPAJ";2060;2090;2198;2259;2207;2154;2117;2114;2058;2023;2109;2143;2182;2236;2261;2304
"Brezovica";"Spol - SKUPAJ";4221;4284;4408;4618;4655;4792;4833;4840;4807;4880;4921;5068;5250;5507;5703;5694
"Brežice";"Spol - SKUPAJ";9161;9310;9700;9983;9827;9561;9508;9123;9070;9009;9061;9093;9442;9732;9994;9993
"Cankova";"Spol - SKUPAJ";682;690;715;723;685;649;651;624;609;595;578;556;580;577;583;588
"Celje";"Spol - SKUPAJ";19130;19427;20340;21398;20511;19670;19141;18816;18332;18424;18578;19138;20138;20983;21753;21139
"Cerklje na Gorenjskem";"Spol - SKUPAJ";2702;2763;2847;2939;2953;2945;2943;2957;2976;3076;3147;3264;3354;3435;3535;3561
"Cerknica";"Spol - SKUPAJ";4627;4732;4925;5089;5024;4892;4898;4834;4711;4744;4808;4918;4980;5129;5272;5337
"Cerkno";"Spol - SKUPAJ";2340;2353;2378;2382;2281;2225;2217;2247;2180;2154;2098;2031;2063;2083;2083;2046
"Cerkvenjak";"Spol - SKUPAJ";757;770;835;872;843;814;838;814;793;857;847;842;865;877;898;894
"Cirkulane";"Spol - SKUPAJ";-;-;871;935;920;915;915;915;902;950;902;914;924;980;1000;963
"Èrenšovci";"Spol - SKUPAJ";1582;1619;1687;1713;1624;1505;1541;1432;1401;1386;1363;1364;1381;1413;1456;1506
"Èrna na Koroškem";"Spol - SKUPAJ";1394;1378;1393;1402;1346;1276;1273;1291;1260;1233;1226;1208;1216;1221;1220;1221
"Èrnomelj";"Spol - SKUPAJ";6137;6176;6441;6625;6227;6085;5962;5658;5529;5504;5429;5513;5882;6168;6132;5924
"Destrnik";"Spol - SKUPAJ";1029;1054;1119;1158;1126;1108;1102;1064;1065;1063;1046;1033;1074;1106;1149;1131
"Divaèa";"Spol - SKUPAJ";1712;1732;1796;1824;1786;1718;1689;1684;1634;1661;1658;1659;1737;1839;1922;1886
"Dobje";"Spol - SKUPAJ";362;370;382;397;390;389;402;409;410;410;400;400;417;440;452;437
"Dobrepolje";"Spol - SKUPAJ";1502;1526;1584;1620;1616;1590;1619;1582;1565;1555;1569;1594;1637;1648;1673;1712
"Dobrna";"Spol - SKUPAJ";886;897;927;954;937;898;895;880;879;878;876;878;909;924;939;942
"Dobrova - Polhov Gradec";"Spol - SKUPAJ";2853;2904;3004;3079;3095;2993;3074;3107;3077;3058;3097;3101;3255;3353;3466;3526
"Dobrovnik/Dobronak";"Spol - SKUPAJ";460;484;492;506;471;463;460;433;413;418;411;415;416;445;464;470
"Dol pri Ljubljani";"Spol - SKUPAJ";2017;2093;2204;2318;2358;2393;2415;2442;2416;2434;2474;2536;2617;2739;2848;2869
"Dolenjske Toplice";"Spol - SKUPAJ";1498;1499;1560;1576;1532;1512;1432;1375;1354;1385;1427;1470;1523;1573;1653;1630
"Domžale";"Spol - SKUPAJ";13377;13774;14310;14772;14734;14647;14505;14333;14208;14338;14664;15060;15586;16106;16536;16525
"Dornava";"Spol - SKUPAJ";1051;1085;1141;1159;1113;1073;1084;1029;1017;1025;1054;1055;1063;1102;1123;1130
"Dravograd";"Spol - SKUPAJ";3660;3696;3810;3913;3809;3639;3600;3515;3322;3289;3274;3283;3365;3445;3527;3534
"Duplek";"Spol - SKUPAJ";2487;2539;2669;2818;2839;2780;2770;2689;2650;2665;2645;2684;2810;2883;2944;2885
"Gorenja vas - Poljane";"Spol - SKUPAJ";2866;2909;2979;3018;2964;2930;3005;3035;3045;3062;3133;3125;3306;3413;3393;3445
"Gorišnica";"Spol - SKUPAJ";2272;2341;1596;1634;1622;1598;1648;1627;1606;1571;1587;1571;1610;1695;1729;1781
"Gorje";"Spol - SKUPAJ";-;-;1129;1149;1117;1113;1110;1104;1085;1075;1082;1120;1125;1137;1152;1155
"Gornja Radgona";"Spol - SKUPAJ";4677;4740;3573;3632;3481;3318;3258;3160;3016;2968;2959;2919;3006;3023;3070;3085
"Gornji Grad";"Spol - SKUPAJ";991;987;1004;1015;991;991;976;955;933;967;950;960;1000;1012;1010;1049
"Gornji Petrovci";"Spol - SKUPAJ";850;869;916;940;903;850;875;731;722;700;681;662;694;690;693;694
"Grad";"Spol - SKUPAJ";796;815;858;873;821;761;796;631;635;608;602;587;596;609;614;611
"Grosuplje";"Spol - SKUPAJ";7531;7759;8194;8569;8654;8582;8485;8363;8234;8324;8424;8680;9157;9536;9895;9817
"Hajdina";"Spol - SKUPAJ";1442;1490;1575;1633;1581;1538;1523;1500;1462;1471;1466;1470;1482;1572;1615;1595
"Hoèe - Slivnica";"Spol - SKUPAJ";3966;4118;4413;4703;4524;4366;4303;4300;4279;4285;4384;4481;4690;4923;5036;4798
"Hodoš/Hodos";"Spol - SKUPAJ";103;111;119;124;117;114;111;92;88;86;82;80;79;80;75;99
"Horjul";"Spol - SKUPAJ";1215;1217;1254;1294;1281;1258;1271;1243;1235;1232;1243;1234;1254;1291;1323;1301
"Hrastnik";"Spol - SKUPAJ";3991;4037;4133;4251;4010;3765;3685;3549;3401;3342;3319;3393;3494;3596;3614;3548
"Hrpelje - Kozina";"Spol - SKUPAJ";1657;1694;1755;1818;1825;1799;1789;1734;1676;1689;1721;1770;1839;1930;1995;2064
"Idrija";"Spol - SKUPAJ";5233;5270;5377;5429;5191;5011;4993;5123;5057;4987;4995;4973;5109;5279;5362;5168
"Ig";"Spol - SKUPAJ";2663;2751;2835;2951;2990;3010;2983;3013;2967;2960;2977;3028;3119;3198;3335;3286
"Ilirska Bistrica";"Spol - SKUPAJ";5648;5719;5940;6066;5925;5702;5639;5543;5389;5369;5335;5355;5489;5620;5693;5692
"Ivanèna Gorica";"Spol - SKUPAJ";6142;6285;6588;6860;6938;6950;7088;7008;6932;7055;7193;7332;7629;8009;8305;8361
"Izola/Isola";"Spol - SKUPAJ";6303;6532;6766;7097;7085;6756;6515;6376;6081;6077;6161;6317;6601;6869;7059;6896
"Jesenice";"Spol - SKUPAJ";8803;8987;9314;9526;9117;8786;8537;8248;7937;7928;8021;8254;8538;8822;9128;9030
"Jezersko";"Spol - SKUPAJ";261;267;275;280;270;258;252;244;245;246;247;247;256;267;283;296
"Juršinci";"Spol - SKUPAJ";836;860;930;973;935;898;951;904;882;892;891;895;898;895;885;912
"Kamnik";"Spol - SKUPAJ";11705;11874;12445;12931;12789;12435;12312;12114;11977;12014;12047;12366;12755;13144;13470;13369
"Kanal";"Spol - SKUPAJ";2189;2220;2276;2374;2315;2206;2161;2050;1989;1954;1972;2030;2077;2117;2137;2143
"Kidrièevo";"Spol - SKUPAJ";2611;2661;2792;2840;2714;2600;2690;2638;2609;2619;2587;2584;2642;2724;2806;2857
"Kobarid";"Spol - SKUPAJ";1704;1693;1711;1692;1632;1564;1606;1559;1514;1483;1478;1501;1570;1626;1643;1650
"Kobilje";"Spol - SKUPAJ";198;210;229;231;218;206;217;225;210;206;208;201;195;205;208;208
"Koèevje";"Spol - SKUPAJ";6429;6439;6721;6921;6453;6145;6039;5894;5688;5685;5604;5690;5875;6027;6048;6006
"Komen";"Spol - SKUPAJ";1432;1433;1454;1475;1450;1438;1437;1386;1324;1321;1326;1328;1376;1404;1401;1417
"Komenda";"Spol - SKUPAJ";2019;2108;2164;2249;2382;2433;2502;2454;2466;2501;2579;2673;2786;2866;2946;3027
"Koper/Capodistria";"Spol - SKUPAJ";20461;20881;21647;22550;22549;22590;22022;21701;21216;21333;20365;20901;21694;22453;23034;22566
"Kostanjevica na Krki";"Spol - SKUPAJ";-;-;1139;1166;1126;1093;1099;985;970;991;996;1022;1060;1089;1094;1068
"Kostel";"Spol - SKUPAJ";250;241;242;252;232;231;220;220;232;219;212;216;225;230;227;238
"Kozje";"Spol - SKUPAJ";1270;1234;1289;1341;1303;1270;1279;1230;1225;1207;1177;1157;1232;1284;1282;1256
"Kranj";"Spol - SKUPAJ";21881;22264;23050;23748;23385;23069;22692;22455;22056;22490;22806;23207;24000;24728;25323;25161
"Kranjska Gora";"Spol - SKUPAJ";2166;2159;2195;2229;2151;2076;2054;1997;1971;1943;1972;1995;2020;2080;2124;2312
"Križevci";"Spol - SKUPAJ";1335;1353;1411;1440;1389;1348;1391;1366;1315;1319;1287;1257;1315;1370;1374;1372
"Krško";"Spol - SKUPAJ";11252;11367;10595;11163;11022;10635;10460;10550;10339;10296;10317;10401;10756;11117;11511;11176
"Kungota";"Spol - SKUPAJ";1643;1692;1792;1864;1833;1788;1762;1711;1656;1636;1633;1612;1670;1703;1739;1729
"Kuzma";"Spol - SKUPAJ";433;437;449;459;442;419;410;356;349;344;330;323;329;328;336;338
"Laško";"Spol - SKUPAJ";5404;5487;5673;5761;5640;5431;5427;5450;5316;5315;5256;5199;5376;5503;5586;5465
"Lenart";"Spol - SKUPAJ";4513;4658;3105;3179;3153;3125;3134;3061;3033;2983;2942;2972;3046;3080;3179;3160
"Lendava/Lendva";"Spol - SKUPAJ";4352;4345;4525;4611;4410;4138;4088;3842;3746;3768;3654;3738;3852;3946;4041;4015
"Litija";"Spol - SKUPAJ";6087;6177;6523;6723;6620;6542;6447;6362;6320;6276;6353;6465;6742;6994;7106;7072
"Ljubljana";"Spol - SKUPAJ";112070;112958;116071;119145;117968;115449;112279;110414;107902;109141;111627;115105;119462;124117;128262;126599
"Ljubno";"Spol - SKUPAJ";940;979;1031;1045;1029;1068;1077;1069;1064;1057;1036;1060;1093;1096;1118;1149
"Ljutomer";"Spol - SKUPAJ";4590;4653;4734;4789;4595;4418;4437;4283;4118;4151;4149;4120;4208;4320;4374;4407
"Log - Dragomer";"Spol - SKUPAJ";-;-;1448;1466;1477;1459;1435;1424;1410;1409;1428;1461;1504;1553;1575;1541
"Logatec";"Spol - SKUPAJ";5288;5424;5658;5861;5859;5801;5903;5925;5768;5817;5900;5966;6154;6380;6614;6695
"Loška dolina";"Spol - SKUPAJ";1731;1756;1826;1843;1812;1750;1697;1640;1562;1578;1594;1602;1553;1610;1654;1621
"Loški Potok";"Spol - SKUPAJ";753;761;782;782;780;764;766;766;735;731;737;742;754;761;776;794
"Lovrenc na Pohorju";"Spol - SKUPAJ";1212;1236;1291;1300;1260;1230;1195;1205;1200;1184;1168;1156;1160;1164;1182;1196
"Luèe";"Spol - SKUPAJ";549;560;588;595;573;569;556;544;542;554;547;569;598;608;611;637
"Lukovica";"Spol - SKUPAJ";2166;2190;2313;2411;2414;2357;2348;2400;2398;2433;2466;2522;2625;2713;2763;2762
"Majšperk";"Spol - SKUPAJ";1479;1530;1598;1662;1620;1606;1621;1653;1598;1616;1619;1613;1686;1766;1791;1704
"Makole";"Spol - SKUPAJ";-;-;871;890;853;835;842;835;810;823;812;814;850;864;866;837
"Maribor";"Spol - SKUPAJ";41591;41988;43813;45524;43175;41087;39307;38230;37084;37525;38105;38471;39503;40476;42004;41415
"Markovci";"Spol - SKUPAJ";1591;1644;1700;1746;1699;1673;1694;1606;1596;1652;1682;1710;1763;1783;1817;1795
"Medvode";"Spol - SKUPAJ";6109;6217;6397;6609;6579;6436;6403;6369;6234;6293;6392;6601;6919;7135;7302;7314
"Mengeš";"Spol - SKUPAJ";2919;2949;3054;3181;3193;3112;3037;2993;2979;3012;3048;3138;3316;3468;3618;3737
"Metlika";"Spol - SKUPAJ";3819;3755;3864;3907;3660;3550;3473;3291;3226;3234;3279;3328;3493;3618;3741;3688
"Mežica";"Spol - SKUPAJ";1449;1452;1476;1492;1409;1327;1336;1350;1319;1329;1346;1336;1342;1397;1423;1394
"Miklavž na Dravskem polju";"Spol - SKUPAJ";2395;2442;2549;2658;2589;2483;2457;2425;2391;2407;2440;2511;2562;2634;2787;2778
"Miren - Kostanjevica";"Spol - SKUPAJ";1920;1929;1972;2044;2029;1916;1869;1835;1800;1798;1814;1836;1945;2031;2100;2117
"Mirna";"Spol - SKUPAJ";-;-;-;-;-;-;-;1088;1069;1072;1098;1117;1182;1261;1270;1255
"Mirna Peè";"Spol - SKUPAJ";1211;1213;1252;1278;1278;1256;1247;1236;1233;1255;1296;1274;1323;1357;1363;1359
"Mislinja";"Spol - SKUPAJ";1973;1981;2013;2056;2008;1963;1928;1969;1945;1915;1878;1877;1939;1987;2009;2011
"Mokronog - Trebelno";"Spol - SKUPAJ";-;-;1326;1331;1292;1242;1248;1197;1222;1243;1267;1282;1336;1386;1401;1451
"Moravèe";"Spol - SKUPAJ";2056;2074;2143;2177;2151;2139;2193;2219;2222;2253;2289;2304;2383;2457;2505;2488
"Moravske Toplice";"Spol - SKUPAJ";2347;2395;2501;2523;2373;2264;2335;2257;2235;2190;2108;2113;2194;2253;2279;2277
"Mozirje";"Spol - SKUPAJ";2578;2592;1723;1738;1692;1688;1683;1716;1674;1633;1611;1650;1703;1792;1818;1848
"Murska Sobota";"Spol - SKUPAJ";7830;7847;7887;7917;7430;6933;6873;6759;6538;6419;6371;6471;6611;6734;6803;6782
"Muta";"Spol - SKUPAJ";1460;1472;1507;1524;1426;1337;1318;1349;1285;1290;1270;1271;1289;1323;1326;1351
"Naklo";"Spol - SKUPAJ";2066;2039;2115;2145;2122;2074;2041;2038;2034;2044;2086;2175;2248;2313;2385;2372
"Nazarje";"Spol - SKUPAJ";1092;1103;1129;1160;1081;1064;1123;1123;1125;1105;1097;1126;1179;1169;1183;1235
"Nova Gorica";"Spol - SKUPAJ";15080;15422;14181;14580;13750;13188;12698;12263;11830;11987;12107;12390;12718;13129;13388;13311
"Novo mesto";"Spol - SKUPAJ";17822;18030;15685;16257;15944;15705;15366;14841;14502;14682;14866;15062;15795;16495;17070;16720
"Odranci";"Spol - SKUPAJ";648;671;713;734;700;653;694;627;615;614;613;631;671;696;720;732
"Oplotnica";"Spol - SKUPAJ";1562;1576;1655;1706;1665;1657;1668;1659;1663;1689;1702;1727;1811;1840;1846;1856
"Ormož";"Spol - SKUPAJ";6681;6869;5342;5463;5198;4990;5057;4728;4790;4896;4864;4790;4830;4893;4986;4891
"Osilnica";"Spol - SKUPAJ";155;155;166;167;155;131;132;118;110;100;99;97;103;100;97;98
"Pesnica";"Spol - SKUPAJ";2743;2796;2951;3073;2962;2851;2837;2748;2715;2683;2631;2588;2633;2718;2766;2814
"Piran/Pirano";"Spol - SKUPAJ";7119;7207;7298;7463;7518;7441;7233;7070;6783;6777;6839;6987;7174;7312;7378;7286
"Pivka";"Spol - SKUPAJ";2509;2579;2638;2700;2627;2571;2496;2570;2507;2529;2518;2501;2586;2698;2758;2744
"Podèetrtek";"Spol - SKUPAJ";1260;1281;1349;1391;1367;1346;1380;1352;1369;1387;1364;1369;1451;1521;1578;1597
"Podlehnik";"Spol - SKUPAJ";753;766;808;844;840;818;805;791;778;779;774;760;782;794;805;784
"Podvelka";"Spol - SKUPAJ";945;971;1025;1053;993;914;897;865;813;823;805;816;833;832;822;876
"Poljèane";"Spol - SKUPAJ";-;-;1741;1792;1730;1693;1687;1670;1620;1640;1614;1643;1704;1723;1746;1733
"Polzela";"Spol - SKUPAJ";2298;2350;2435;2478;2451;2424;2402;2362;2326;2331;2364;2425;2517;2597;2639;2714
"Postojna";"Spol - SKUPAJ";6574;6686;7007;7276;7148;7008;6783;6548;6410;6505;6609;6727;6944;7158;7302;7277
"Prebold";"Spol - SKUPAJ";1733;1796;1893;1995;2043;2040;2084;2074;2021;1998;2019;2057;2116;2192;2259;2264
"Preddvor";"Spol - SKUPAJ";1305;1331;1370;1417;1376;1374;1369;1380;1377;1438;1474;1500;1540;1612;1639;1674
"Prevalje";"Spol - SKUPAJ";2555;2570;2647;2743;2658;2543;2561;2511;2439;2478;2481;2492;2587;2638;2695;2701
"Ptuj";"Spol - SKUPAJ";9374;9464;9765;10031;9683;9288;8989;8829;8687;8943;9063;9045;9151;9588;9972;9970
"Puconci";"Spol - SKUPAJ";2320;2349;2443;2474;2361;2203;2299;2142;2097;2063;1979;1972;2073;2141;2121;2144
"Raèe - Fram";"Spol - SKUPAJ";2429;2473;2595;2690;2701;2716;2691;2767;2739;2727;2738;2781;2895;3024;3108;3192
"Radeèe";"Spol - SKUPAJ";1863;1876;1902;1972;1948;1827;1790;1688;1626;1654;1707;1726;1755;1806;1790;1758
"Radenci";"Spol - SKUPAJ";2142;2186;2225;2230;2120;2006;1964;1867;1821;1781;1762;1750;1781;1808;1828;1826
"Radlje ob Dravi";"Spol - SKUPAJ";2336;2363;2424;2504;2385;2246;2284;2356;2227;2231;2204;2213;2248;2294;2306;2320
"Radovljica";"Spol - SKUPAJ";7243;7319;7563;7668;7434;7379;7347;7342;7189;7296;7389;7569;7886;8118;8259;8041
"Ravne na Koroškem";"Spol - SKUPAJ";5036;5006;5082;5137;4867;4541;4520;4443;4298;4313;4375;4370;4461;4560;4612;4556
"Razkrižje";"Spol - SKUPAJ";491;499;505;518;500;483;502;488;472;479;471;465;474;486;490;478
"Reèica ob Savinji";"Spol - SKUPAJ";-;-;960;992;953;944;951;939;968;953;953;955;998;1034;1065;1087
"Renèe - Vogrsko";"Spol - SKUPAJ";-;-;1747;1813;1808;1748;1700;1664;1635;1675;1712;1729;1759;1813;1841;1829
"Ribnica";"Spol - SKUPAJ";3726;3795;3900;4004;3928;3864;3958;3882;3842;3894;3947;4033;4168;4331;4349;4299
"Ribnica na Pohorju";"Spol - SKUPAJ";424;429;448;458;449;415;403;416;405;419;424;412;415;414;414;412
"Rogaška Slatina";"Spol - SKUPAJ";4653;4628;4851;5033;4781;4619;4699;4684;4618;4649;4627;4659;4805;5027;5119;5015
"Rogašovci";"Spol - SKUPAJ";971;993;1046;1049;1008;951;962;849;817;815;782;769;785;818;808;781
"Rogatec";"Spol - SKUPAJ";1292;1294;1340;1364;1317;1301;1325;1324;1291;1294;1317;1332;1372;1424;1467;1384
"Ruše";"Spol - SKUPAJ";2911;2970;3035;3060;2892;2804;2726;2673;2631;2576;2622;2627;2712;2772;2785;2786
"Selnica ob Dravi";"Spol - SKUPAJ";1767;1794;1879;1919;1865;1759;1741;1709;1685;1700;1698;1657;1683;1738;1768;1822
"Semiè";"Spol - SKUPAJ";1578;1594;1629;1633;1538;1537;1552;1614;1595;1584;1561;1528;1607;1630;1649;1607
"Sevnica";"Spol - SKUPAJ";7004;7097;7417;7724;7552;7275;7205;7173;7044;7020;7082;7083;7389;7609;7729;7599
"Sežana";"Spol - SKUPAJ";5327;5468;5721;5882;5697;5472;5366;5199;4980;5027;5063;5183;5379;5534;5675;5642
"Slovenj Gradec";"Spol - SKUPAJ";7225;7213;7348;7427;7125;6899;6856;6787;6639;6682;6691;6710;6914;7044;7093;7154
"Slovenska Bistrica";"Spol - SKUPAJ";11962;12252;10133;10446;10267;10148;10117;9930;9718;9910;9985;10065;10443;10814;11029;11048
"Slovenske Konjice";"Spol - SKUPAJ";5744;5897;6195;6453;6167;6018;6034;5940;5911;5989;6065;6139;6438;6643;6755;6785
"Sodražica";"Spol - SKUPAJ";773;793;816;854;844;829;844;845;834;839;855;881;897;922;940;952
"Solèava";"Spol - SKUPAJ";187;191;198;200;186;187;184;169;185;170;182;192;199;198;211;221
"Središèe ob Dravi";"Spol - SKUPAJ";-;-;862;903;871;843;838;821;785;812;797;791;823;825;870;862
"Starše";"Spol - SKUPAJ";1565;1599;1660;1708;1684;1645;1634;1563;1522;1550;1563;1558;1589;1616;1654;1671
"Straža";"Spol - SKUPAJ";-;-;1676;1697;1670;1622;1581;1569;1526;1544;1588;1620;1703;1752;1790;1774
"Sveta Ana";"Spol - SKUPAJ";803;840;921;947;909;905;903;872;864;850;789;780;792;777;784;826
"Sveta Trojica v Slov. goricah";"Spol - SKUPAJ";-;-;895;921;902;854;875;870;854;834;817;812;818;835;851;881
"Sveti Andraž v Slov. goricah";"Spol - SKUPAJ";431;434;466;487;463;448;463;453;453;444;433;426;454;476;483;489
"Sveti Jurij ob Šèavnici";"Spol - SKUPAJ";1026;1046;1114;1143;1114;1047;1139;1102;1097;1092;1034;1019;1041;1062;1066;1117
"Sveti Jurij v Slov. goricah";"Spol - SKUPAJ";-;-;864;890;893;856;865;882;864;849;827;793;807;835;843;824
"Sveti Tomaž";"Spol - SKUPAJ";-;-;912;927;861;841;858;857;865;855;837;799;819;882;874;824
"Šalovci";"Spol - SKUPAJ";592;603;629;629;591;548;570;482;494;491;466;439;463;475;486;495
"Šempeter - Vrtojba";"Spol - SKUPAJ";2699;2724;2780;2846;2735;2612;2498;2413;2357;2375;2415;2451;2526;2578;2602;2621
"Šenèur";"Spol - SKUPAJ";3222;3278;3366;3506;3604;3605;3494;3473;3419;3516;3575;3649;3733;3852;3982;3975
"Šentilj";"Spol - SKUPAJ";3353;3367;3473;3543;3445;3330;3263;3131;3066;3032;2998;2950;2920;2907;2909;2816
"Šentjernej";"Spol - SKUPAJ";2800;2797;2907;2959;2897;2870;2917;2959;2975;3007;3021;3033;3140;3243;3274;3238
"Šentjur";"Spol - SKUPAJ";7514;7668;7950;8137;8016;7864;7894;7692;7558;7649;7632;7680;7919;8236;8432;8465
"Šentrupert";"Spol - SKUPAJ";-;-;1072;1077;1064;1004;991;904;935;961;978;994;1037;1105;1141;1157
"Škocjan";"Spol - SKUPAJ";1276;1316;1368;1394;1393;1367;1373;1314;1319;1335;1342;1357;1439;1490;1548;1535
"Škofja Loka";"Spol - SKUPAJ";9455;9531;9715;9875;9571;9360;9328;9333;9250;9295;9384;9545;9833;10145;10349;10316
"Škofljica";"Spol - SKUPAJ";3347;3431;3596;3734;3794;3924;3958;4055;4042;4169;4354;4517;4764;4915;5178;5246
"Šmarje pri Jelšah";"Spol - SKUPAJ";3701;3787;3956;4069;4014;3923;4022;4076;4072;4062;4102;4069;4210;4397;4479;4407
"Šmarješke Toplice";"Spol - SKUPAJ";-;-;1431;1473;1493;1479;1414;1413;1416;1437;1465;1503;1536;1582;1650;1642
"Šmartno ob Paki";"Spol - SKUPAJ";1281;1304;1345;1401;1397;1383;1366;1396;1373;1361;1360;1377;1409;1451;1448;1414
"Šmartno pri Litiji";"Spol - SKUPAJ";2247;2291;2246;2298;2195;2148;2193;2180;2155;2167;2200;2239;2322;2402;2444;2468
"Šoštanj";"Spol - SKUPAJ";3500;3594;3744;3904;3838;3671;3665;3603;3584;3555;3440;3468;3549;3651;3802;3840
"Štore";"Spol - SKUPAJ";1656;1724;1819;1944;1870;1769;1747;1674;1617;1606;1583;1578;1644;1838;1972;1884
"Tabor";"Spol - SKUPAJ";562;579;604;603;608;625;659;669;687;700;697;675;729;755;765;765
"Tišina";"Spol - SKUPAJ";1661;1676;1744;1759;1644;1465;1568;1541;1501;1464;1429;1401;1458;1465;1448;1468
"Tolmin";"Spol - SKUPAJ";4806;4825;4957;5048;4709;4575;4564;4433;4331;4285;4212;4292;4420;4483;4464;4403
"Trbovlje";"Spol - SKUPAJ";6681;6731;6953;7111;6770;6537;6247;6027;5834;5721;5712;5736;5916;6112;6258;6170
"Trebnje";"Spol - SKUPAJ";8059;8280;6277;6636;6793;6649;6479;5532;5376;5391;5454;5598;5897;6120;6268;6356
"Trnovska vas";"Spol - SKUPAJ";470;495;519;543;534;516;546;503;504;506;516;536;548;558;559;572
"Trzin";"Spol - SKUPAJ";1710;1724;1694;1689;1708;1640;1596;1569;1544;1538;1560;1615;1653;1671;1700;1704
"Tržiè";"Spol - SKUPAJ";6209;6239;6429;6607;6365;6189;6092;6030;5866;5918;5976;6007;6221;6384;6495;6450
"Turnišèe";"Spol - SKUPAJ";1216;1261;1351;1409;1334;1269;1313;1268;1248;1218;1204;1213;1234;1245;1262;1267
"Velenje";"Spol - SKUPAJ";15101;15335;15718;16087;15114;14063;13356;13190;12854;12709;12651;12997;13420;13543;14009;13958
"Velika Polana";"Spol - SKUPAJ";577;570;595;599;576;543;554;559;560;550;542;551;564;585;589;548
"Velike Lašèe";"Spol - SKUPAJ";1710;1778;1838;1894;1884;1833;1811;1727;1708;1699;1736;1773;1844;1888;1933;1994
"Veržej";"Spol - SKUPAJ";506;504;527;526;502;477;471;467;460;460;479;485;493;505;509;520
"Videm";"Spol - SKUPAJ";2278;2308;2397;2494;2407;2332;2400;2371;2361;2403;2382;2393;2421;2463;2511;2471
"Vipava";"Spol - SKUPAJ";2096;2135;2225;2296;2241;2173;2136;2094;2048;2064;2094;2179;2301;2362;2437;2494
"Vitanje";"Spol - SKUPAJ";942;949;986;1012;965;940;987;984;1021;1014;999;981;1009;1024;1044;1057
"Vodice";"Spol - SKUPAJ";1737;1785;1866;1945;2010;2047;2074;2102;2072;2081;2101;2136;2234;2301;2339;2310
"Vojnik";"Spol - SKUPAJ";3265;3301;3443;3543;3498;3413;3488;3449;3380;3423;3440;3498;3643;3808;3904;3880
"Vransko";"Spol - SKUPAJ";914;921;975;1017;1014;981;965;999;1010;998;982;996;1037;1090;1122;1150
"Vrhnika";"Spol - SKUPAJ";7915;8056;6865;7112;6942;6970;6954;6864;6733;6833;6890;7057;7300;7602;7845;7852
"Vuzenica";"Spol - SKUPAJ";1124;1137;1178;1180;1133;1089;1082;1127;1095;1088;1074;1026;1059;1079;1082;1098
"Zagorje ob Savi";"Spol - SKUPAJ";6902;7030;7236;7384;7170;7005;6893;6867;6739;6616;6629;6652;6887;7072;7176;7071
"Zavrè";"Spol - SKUPAJ";541;559;595;620;614;597;558;533;528;533;575;586;617;642;626;607
"Zreèe";"Spol - SKUPAJ";2715;2745;2914;3009;2850;2798;2841;2820;2789;2804;2827;2802;2890;2977;3051;3059
"Žalec";"Spol - SKUPAJ";8466;8626;8895;9212;8982;8769;8565;8418;8111;8041;8181;8305;8614;8831;9031;9031
"Železniki";"Spol - SKUPAJ";2929;2956;3001;3064;2939;2900;2929;2919;2928;2905;2960;3003;3103;3154;3124;3133
"Žetale";"Spol - SKUPAJ";492;507;526;558;543;523;560;577;607;614;594;568;576;601;596;572
"Žiri";"Spol - SKUPAJ";2104;2098;2109;2138;2079;2063;2060;2093;2090;2106;2138;2166;2210;2278;2325;2293
"Žirovnica";"Spol - SKUPAJ";1644;1671;1713;1777;1761;1734;1725;1765;1744;1749;1755;1799;1846;1913;1912;1922
"Žužemberk";"Spol - SKUPAJ";1906;1945;2023;2059;2011;1973;1984;1956;1954;1994;2046;2077;2155;2204;2249;2210
