"Prebivalstvo, staro 15 ali veè let, po izobrazbi in spolu, obèine, letno"

"SPOL";"OBÈINE";"2011 Osnovnošolska ali manj - Skupaj";"2011 Srednješolska - Skupaj";"2011 Višješolska, visokošolska - Skupaj";"2012 Osnovnošolska ali manj - Skupaj";"2012 Srednješolska - Skupaj";"2012 Višješolska, visokošolska - Skupaj";"2013 Osnovnošolska ali manj - Skupaj";"2013 Srednješolska - Skupaj";"2013 Višješolska, visokošolska - Skupaj";"2014 Osnovnošolska ali manj - Skupaj";"2014 Srednješolska - Skupaj";"2014 Višješolska, visokošolska - Skupaj";"2015 Osnovnošolska ali manj - Skupaj";"2015 Srednješolska - Skupaj";"2015 Višješolska, visokošolska - Skupaj";"2016 Osnovnošolska ali manj - Skupaj";"2016 Srednješolska - Skupaj";"2016 Višješolska, visokošolska - Skupaj";"2017 Osnovnošolska ali manj - Skupaj";"2017 Srednješolska - Skupaj";"2017 Višješolska, visokošolska - Skupaj";"2018 Osnovnošolska ali manj - Skupaj";"2018 Srednješolska - Skupaj";"2018 Višješolska, visokošolska - Skupaj";"2019 Osnovnošolska ali manj - Skupaj";"2019 Srednješolska - Skupaj";"2019 Višješolska, visokošolska - Skupaj";"2020 Osnovnošolska ali manj - Skupaj";"2020 Srednješolska - Skupaj";"2020 Višješolska, visokošolska - Skupaj"
"Spol - SKUPAJ";"SLOVENIJA";513079;938588;307669;494454;935495;331398;480901;937913;341912;470104;928291;361637;457188;926435;374941;443608;925832;388358;431161;919143;406997;419278;920661;416264;406998;932871;427333;403570;940600;435889
"Spol - SKUPAJ";"Ajdovšèina";5411;8148;2457;5221;8062;2702;5030;8109;2767;4870;7952;2943;4759;7973;3066;4635;8011;3225;4531;7952;3390;4398;7999;3474;4235;8146;3583;4228;8229;3659
"Spol - SKUPAJ";"Ankaran/Ancarano";-;-;-;-;-;-;-;-;-;-;-;-;650;1392;759;623;1396;799;615;1382;822;586;1373;836;546;1404;839;554;1405;853
"Spol - SKUPAJ";"Apaèe";1323;1619;226;1275;1627;248;1225;1642;261;1198;1639;295;1142;1650;305;1101;1655;327;1056;1638;360;1029;1647;366;1006;1641;381;981;1661;391
"Spol - SKUPAJ";"Beltinci";2662;3674;767;2575;3688;855;2496;3727;896;2434;3733;966;2334;3742;1000;2277;3771;1039;2198;3752;1110;2128;3729;1140;2062;3721;1149;2004;3715;1183
"Spol - SKUPAJ";"Benedikt";798;1009;162;759;1049;192;752;1045;207;708;1075;234;695;1075;259;678;1101;276;658;1114;290;645;1133;302;606;1185;317;604;1213;337
"Spol - SKUPAJ";"Bistrica ob Sotli";503;550;151;485;542;165;476;545;165;457;545;170;458;541;180;431;540;192;428;535;200;417;544;200;388;555;195;370;569;206
"Spol - SKUPAJ";"Bled";1368;4084;1584;1328;4076;1678;1317;4021;1726;1279;3957;1836;1232;3912;1876;1163;3876;1896;1121;3758;1999;1065;3693;2025;1007;3685;2062;1005;3698;2105
"Spol - SKUPAJ";"Bloke";476;684;202;468;679;224;456;680;232;426;658;254;403;658;255;375;668;264;351;674;270;339;670;282;325;700;288;309;708;295
"Spol - SKUPAJ";"Bohinj";1147;2737;634;1082;2731;666;1053;2729;698;1027;2659;763;968;2632;818;930;2625;844;895;2624;894;869;2601;911;820;2615;939;815;2629;965
"Spol - SKUPAJ";"Borovnica";1033;1885;500;1002;1851;562;936;1881;581;918;1908;654;894;1954;696;857;1964;733;833;1969;806;810;1954;847;794;2001;866;819;2029;885
"Spol - SKUPAJ";"Bovec";1082;1404;387;1003;1389;413;967;1429;410;941;1397;436;901;1395;454;875;1403;474;831;1371;506;807;1395;505;786;1374;537;766;1401;563
"Spol - SKUPAJ";"Braslovèe";1327;2454;723;1299;2477;799;1260;2470;849;1225;2427;934;1183;2411;986;1166;2400;1031;1133;2391;1128;1109;2370;1146;1056;2383;1181;1040;2435;1234
"Spol - SKUPAJ";"Brda";1678;2644;669;1615;2669;717;1574;2661;737;1550;2593;801;1504;2565;840;1450;2566;895;1390;2549;937;1326;2546;982;1256;2564;1001;1223;2570;1019
"Spol - SKUPAJ";"Brezovica";2156;5204;1852;2087;5246;2061;2045;5341;2185;2066;5262;2368;2022;5256;2490;2011;5245;2593;1976;5230;2733;1905;5261;2840;1874;5368;2949;1858;5572;3007
"Spol - SKUPAJ";"Brežice";6456;11480;3161;6170;11517;3364;6048;11515;3443;5884;11418;3647;5669;11378;3826;5522;11450;3953;5334;11390;4138;5242;11285;4227;5017;11386;4314;4894;11425;4367
"Spol - SKUPAJ";"Cankova";746;763;142;729;767;162;704;773;171;677;761;183;649;774;191;631;771;201;595;755;228;566;748;233;558;742;237;542;744;241
"Spol - SKUPAJ";"Celje";10812;22761;8581;10339;22598;9118;10099;22617;9283;9986;22444;9641;9736;22253;9850;9554;22327;10163;9289;22370;10614;9008;22511;10762;8822;22577;10953;8804;22601;11051
"Spol - SKUPAJ";"Cerklje na Gorenjskem";1823;3122;887;1783;3137;992;1771;3128;1047;1705;3168;1139;1680;3147;1210;1643;3233;1301;1636;3216;1403;1595;3250;1436;1526;3280;1494;1542;3305;1573
"Spol - SKUPAJ";"Cerknica";2787;5166;1621;2724;5198;1726;2629;5171;1787;2571;5076;1922;2511;5112;2011;2434;5106;2091;2324;5135;2223;2240;5118;2292;2148;5190;2361;2119;5216;2415
"Spol - SKUPAJ";"Cerkno";1693;1915;506;1658;1934;543;1628;1898;567;1579;1855;614;1498;1860;652;1444;1842;681;1407;1838;689;1342;1852;713;1298;1849;733;1274;1829;744
"Spol - SKUPAJ";"Cerkvenjak";819;828;109;783;828;129;757;823;149;719;845;170;682;900;181;650;903;198;636;928;205;602;916;213;569;946;227;552;978;240
"Spol - SKUPAJ";"Cirkulane";823;1019;152;787;1046;160;755;1076;169;737;1101;188;697;1117;205;680;1098;206;648;1159;228;619;1185;216;606;1250;225;583;1229;230
"Spol - SKUPAJ";"Èrenšovci";1400;1721;389;1362;1731;425;1291;1722;414;1256;1710;433;1237;1712;451;1192;1731;474;1149;1711;494;1121;1715;487;1096;1746;507;1083;1775;514
"Spol - SKUPAJ";"Èrna na Koroškem";1177;1647;302;1136;1667;321;1098;1651;313;1041;1625;333;1010;1615;337;996;1596;359;994;1566;375;986;1565;388;944;1586;387;922;1584;395
"Spol - SKUPAJ";"Èrnomelj";4541;6472;1673;4358;6503;1811;4212;6511;1848;4087;6454;1942;3961;6507;2019;3811;6428;2067;3749;6376;2169;3670;6366;2201;3527;6470;2224;3452;6434;2251
"Spol - SKUPAJ";"Destrnik";918;1116;217;889;1136;222;856;1123;228;830;1125;269;798;1122;276;762;1127;274;734;1147;294;725;1143;315;697;1186;318;674;1234;335
"Spol - SKUPAJ";"Divaèa";1105;1813;486;1073;1835;535;1039;1814;556;1012;1815;602;971;1826;631;946;1823;643;928;1815;702;876;1891;734;844;1937;770;850;1962;775
"Spol - SKUPAJ";"Dobje";397;335;92;381;339;105;359;345;108;351;345;118;346;358;127;324;370;126;313;369;130;295;380;135;274;391;135;268;383;139
"Spol - SKUPAJ";"Dobrepolje";1116;1763;381;1092;1767;434;1073;1790;445;1032;1809;468;1005;1815;485;985;1783;515;934;1762;556;927;1754;576;883;1769;589;840;1822;595
"Spol - SKUPAJ";"Dobrna";650;1008;213;628;1018;236;620;1004;250;605;1010;280;573;983;288;549;1002;312;548;1009;333;517;1019;336;498;1032;345;487;1033;353
"Spol - SKUPAJ";"Dobrova - Polhov Gradec";1670;3217;1073;1638;3216;1202;1640;3227;1277;1593;3188;1333;1577;3199;1384;1514;3232;1427;1460;3224;1515;1440;3263;1556;1402;3281;1598;1390;3343;1671
"Spol - SKUPAJ";"Dobrovnik/Dobronak";457;575;117;451;583;124;438;572;127;410;556;138;400;553;153;388;561;155;373;563;163;367;565;175;358;568;179;346;581;181
"Spol - SKUPAJ";"Dol pri Ljubljani";1068;2486;906;1021;2521;983;1017;2537;1039;1008;2539;1140;1008;2542;1204;987;2520;1279;969;2503;1334;964;2520;1374;916;2600;1489;943;2638;1529
"Spol - SKUPAJ";"Dolenjske Toplice";991;1477;457;952;1456;490;917;1475;505;868;1461;544;809;1497;565;786;1522;577;772;1527;613;747;1494;648;727;1531;669;718;1580;678
"Spol - SKUPAJ";"Domžale";7025;15552;5709;6783;15505;6181;6749;15478;6374;6614;15375;6810;6518;15366;7114;6391;15402;7405;6220;15320;7838;6045;15439;8076;5989;15656;8394;6002;15780;8601
"Spol - SKUPAJ";"Dornava";983;1314;239;957;1346;261;918;1323;263;890;1318;297;873;1332;310;848;1313;316;824;1334;336;813;1323;342;777;1338;361;776;1350;373
"Spol - SKUPAJ";"Dravograd";2462;4256;1008;2370;4283;1084;2303;4276;1102;2256;4205;1147;2215;4186;1195;2170;4175;1265;2080;4168;1317;2001;4171;1345;1880;4217;1379;1862;4302;1413
"Spol - SKUPAJ";"Duplek";1671;3388;661;1599;3410;730;1563;3414;780;1534;3378;858;1511;3382;885;1437;3366;928;1374;3392;1007;1349;3435;1040;1293;3479;1061;1272;3519;1092
"Spol - SKUPAJ";"Gorenja vas - Poljane";1929;3039;807;1869;3021;890;1847;3020;922;1804;3023;982;1772;3033;1025;1717;3065;1094;1667;3099;1151;1624;3117;1215;1531;3180;1241;1496;3212;1262
"Spol - SKUPAJ";"Gorišnica";1100;1937;355;1069;1933;405;1037;1958;420;1020;1907;451;979;1891;490;957;1892;520;939;1881;549;909;1935;571;886;1993;584;847;2032;611
"Spol - SKUPAJ";"Gorje";603;1508;370;571;1492;391;559;1483;390;527;1464;418;517;1431;438;496;1422;468;485;1383;498;471;1363;507;462;1360;512;448;1363;522
"Spol - SKUPAJ";"Gornja Radgona";2669;3893;936;2534;3948;1022;2483;3960;1041;2417;3911;1092;2330;3942;1139;2261;3944;1173;2196;3899;1258;2113;3898;1282;2048;3940;1309;1991;3977;1342
"Spol - SKUPAJ";"Gornji Grad";903;1164;236;871;1177;244;837;1177;259;812;1156;282;781;1143;291;748;1150;294;752;1123;321;728;1134;332;662;1163;338;636;1139;359
"Spol - SKUPAJ";"Gornji Petrovci";1008;757;164;975;762;176;936;785;181;902;768;197;869;781;196;835;792;206;808;813;215;763;807;219;731;815;211;710;834;223
"Spol - SKUPAJ";"Grad";1029;851;110;993;853;127;979;853;130;953;850;144;918;866;158;883;869;168;846;853;170;829;869;172;785;868;183;753;854;189
"Spol - SKUPAJ";"Grosuplje";4032;8641;3188;3931;8718;3408;3835;8808;3544;3719;8747;3767;3630;8775;3932;3576;8747;4061;3525;8754;4301;3511;8943;4438;3474;9154;4592;3460;9350;4674
"Spol - SKUPAJ";"Hajdina";868;1932;459;823;1911;502;775;1914;513;784;1874;540;748;1873;571;711;1857;591;724;1857;625;694;1882;633;667;1915;667;669;1974;678
"Spol - SKUPAJ";"Hoèe - Slivnica";2231;5470;1611;2183;5498;1724;2124;5694;1782;2069;5632;1914;1995;5584;1997;1918;5661;2061;1903;5574;2169;1825;5702;2225;1783;5989;2307;1802;5852;2380
"Spol - SKUPAJ";"Hodoš/Hodos";170;93;16;214;110;19;214;110;18;203;104;20;209;103;17;205;108;22;200;110;22;197;112;21;189;108;21;192;106;21
"Spol - SKUPAJ";"Horjul";645;1378;366;627;1353;397;610;1372;417;612;1356;450;596;1346;489;591;1350;509;576;1348;527;564;1362;542;550;1377;548;539;1391;552
"Spol - SKUPAJ";"Hrastnik";3212;4568;992;3054;4561;1068;2938;4483;1107;2861;4393;1154;2770;4305;1193;2667;4289;1215;2578;4285;1257;2488;4281;1260;2398;4291;1299;2332;4313;1335
"Spol - SKUPAJ";"Hrpelje - Kozina";1254;1956;459;1214;1977;520;1178;2013;549;1132;1981;582;1136;1974;621;1109;1980;675;1073;1979;710;1049;2008;734;1027;2053;759;1021;2112;807
"Spol - SKUPAJ";"Idrija";3537;4932;1691;3474;4945;1794;3387;4979;1844;3354;4865;1951;3250;4883;1999;3125;4928;2066;3057;4836;2168;2976;4870;2187;2882;4921;2226;2915;4911;2264
"Spol - SKUPAJ";"Ig";1580;3158;965;1549;3159;1050;1518;3231;1104;1464;3184;1193;1443;3216;1241;1433;3201;1300;1403;3215;1367;1406;3201;1423;1369;3259;1474;1383;3295;1537
"Spol - SKUPAJ";"Ilirska Bistrica";4065;6435;1703;3923;6414;1831;3818;6426;1890;3735;6344;1954;3610;6326;2014;3459;6287;2075;3344;6207;2155;3155;6186;2184;3032;6257;2223;2974;6252;2258
"Spol - SKUPAJ";"Ivanèna Gorica";3849;7074;1972;3708;7159;2217;3554;7245;2347;3514;7227;2509;3370;7258;2690;3255;7332;2766;3163;7327;2961;3041;7412;3117;2948;7538;3261;2907;7628;3374
"Spol - SKUPAJ";"Izola/Isola";4173;7155;2494;4045;7183;2703;3922;7161;2780;3825;6990;2921;3694;7000;2998;3596;7060;3085;3487;7026;3243;3421;7006;3325;3408;7120;3440;3460;7151;3529
"Spol - SKUPAJ";"Jesenice";6132;10448;2009;5892;10425;2154;5697;10456;2177;5585;10332;2298;5421;10173;2400;5239;10181;2439;5068;10189;2498;4965;10208;2587;4895;10407;2621;5010;10538;2678
"Spol - SKUPAJ";"Jezersko";148;318;97;135;306;103;133;304;105;136;302;117;131;291;123;119;288;122;111;293;123;106;298;123;106;303;129;104;295;131
"Spol - SKUPAJ";"Juršinci";924;953;145;870;985;164;858;1025;169;810;1042;187;785;1039;188;755;1031;218;732;1045;236;713;1053;240;683;1066;238;657;1077;250
"Spol - SKUPAJ";"Kamnik";7287;12843;4251;6947;12827;4520;6789;12918;4632;6756;12726;4942;6560;12731;5094;6334;12728;5284;6199;12652;5529;6099;12646;5709;6001;12824;5802;5951;13016;5907
"Spol - SKUPAJ";"Kanal";1253;3120;599;1207;3056;654;1166;3034;674;1134;2939;723;1098;2912;731;1060;2869;775;1005;2830;797;974;2816;813;953;2818;826;927;2823;847
"Spol - SKUPAJ";"Kidrièevo";1778;3276;718;1705;3273;785;1667;3264;806;1594;3217;874;1538;3163;913;1456;3138;960;1405;3112;1007;1346;3155;1024;1288;3171;1060;1267;3225;1078
"Spol - SKUPAJ";"Kobarid";1312;1827;508;1256;1824;537;1227;1823;562;1171;1802;597;1125;1787;628;1100;1799;646;1054;1770;697;1009;1770;728;956;1788;742;943;1768;759
"Spol - SKUPAJ";"Kobilje";205;278;53;206;278;57;193;270;51;181;266;56;181;266;61;172;264;61;168;257;63;164;259;63;155;254;62;151;252;70
"Spol - SKUPAJ";"Koèevje";4882;7703;1722;4747;7624;1874;4558;7638;1895;4458;7506;1938;4277;7474;1996;4137;7475;2066;4069;7403;2107;3981;7325;2146;3863;7343;2175;3783;7362;2214
"Spol - SKUPAJ";"Komen";948;1596;514;906;1624;550;886;1624;552;837;1612;609;813;1612;640;782;1604;648;752;1608;686;731;1603;711;699;1601;733;689;1596;737
"Spol - SKUPAJ";"Komenda";1015;2446;919;1035;2476;1022;1016;2483;1064;1021;2502;1145;988;2518;1196;967;2539;1244;972;2507;1346;954;2528;1404;939;2601;1416;932;2669;1453
"Spol - SKUPAJ";"Koper/Capodistria";13532;23915;8385;13079;23906;8980;12761;23991;9250;12653;24435;9858;11653;22765;9287;11296;22809;9604;11008;22838;10027;10800;23118;10296;10332;23646;10580;10257;23869;10832
"Spol - SKUPAJ";"Kostanjevica na Krki";690;1094;265;670;1096;292;653;1098;305;636;1075;331;635;1072;358;610;1065;367;578;1065;390;574;1077;399;564;1084;411;560;1077;420
"Spol - SKUPAJ";"Kostel";188;316;92;171;308;92;165;319;96;157;327;97;151;323;103;154;316;100;146;312;111;146;310;117;134;315;120;137;308;123
"Spol - SKUPAJ";"Kozje";1254;1258;267;1184;1277;292;1144;1281;300;1107;1243;322;1055;1257;342;1015;1275;361;993;1266;387;947;1281;383;907;1306;400;878;1279;414
"Spol - SKUPAJ";"Kranj";12282;25104;9559;11969;24926;10270;11724;24860;10470;11540;24485;10946;11277;24506;11297;10915;24614;11609;10652;24256;12091;10477;24129;12284;10273;24351;12516;10667;24529;12699
"Spol - SKUPAJ";"Kranjska Gora";973;2825;889;931;2808;973;892;2813;982;870;2814;1037;832;2793;1067;789;2777;1096;775;2732;1144;733;2711;1148;726;2697;1166;738;2692;1185
"Spol - SKUPAJ";"Križevci";1299;1610;334;1271;1632;368;1231;1642;390;1175;1624;417;1152;1636;434;1105;1621;445;1080;1612;470;1017;1614;479;994;1618;506;964;1606;522
"Spol - SKUPAJ";"Krško";7507;11503;3070;7199;11446;3380;7032;11623;3489;6813;11424;3677;6580;11468;3801;6353;11467;3980;6207;11362;4163;6027;11427;4242;5883;11652;4278;5913;11699;4388
"Spol - SKUPAJ";"Kungota";1272;2287;549;1234;2290;610;1186;2302;634;1165;2255;691;1130;2272;718;1059;2272;742;1036;2275;792;1011;2281;819;972;2262;839;974;2244;859
"Spol - SKUPAJ";"Kuzma";678;581;84;675;595;109;627;619;109;623;612;121;636;610;132;619;599;135;605;595;150;583;590;142;589;597;154;561;610;164
"Spol - SKUPAJ";"Laško";4294;5993;1393;4121;5983;1501;3968;5994;1559;3854;5933;1649;3763;5896;1744;3634;5857;1829;3520;5852;1924;3439;5841;1981;3286;5905;2006;3220;5947;2084
"Spol - SKUPAJ";"Lenart";2317;3747;978;2209;3754;1075;2124;3719;1140;2098;3730;1196;1997;3757;1251;1997;3785;1269;1934;3733;1353;1909;3766;1382;1862;3926;1405;1818;3948;1477
"Spol - SKUPAJ";"Lendava/Lendva";3463;4971;1364;3394;4952;1459;3188;4893;1468;3094;4850;1506;2996;4850;1550;2899;4855;1606;2789;4863;1683;2709;4832;1687;2623;4867;1717;2565;4938;1717
"Spol - SKUPAJ";"Litija";3988;6905;1682;3886;6845;1855;3860;6886;1941;3838;6783;2097;3731;6817;2186;3624;6854;2300;3519;6869;2427;3465;6893;2508;3336;6961;2586;3273;7068;2647
"Spol - SKUPAJ";"Ljubljana";51805;125034;66108;49526;123099;70084;48294;123469;72538;47418;122751;76207;46466;121595;78842;45452;120639;81328;44273;118345;84902;43130;117936;86544;42307;119218;89094;42297;120180;90353
"Spol - SKUPAJ";"Ljubno";859;1133;261;835;1144;286;813;1148;294;779;1135;320;761;1128;328;742;1140;347;703;1128;369;674;1116;380;629;1131;393;588;1160;400
"Spol - SKUPAJ";"Ljutomer";3592;5282;1254;3451;5278;1373;3347;5272;1399;3257;5226;1459;3146;5244;1515;3058;5241;1575;2943;5189;1644;2882;5204;1665;2784;5223;1693;2752;5232;1733
"Spol - SKUPAJ";"Log - Dragomer";532;1675;813;507;1675;861;500;1676;882;493;1637;919;485;1629;944;486;1599;954;495;1593;1007;480;1571;1032;486;1585;1054;469;1603;1061
"Spol - SKUPAJ";"Logatec";3321;5609;1946;3209;5680;2152;3174;5809;2245;3151;5699;2378;3091;5711;2476;2994;5695;2602;2927;5672;2700;2877;5752;2777;2772;5852;2892;2725;5994;2987
"Spol - SKUPAJ";"Loška dolina";1166;1644;473;1143;1630;510;1114;1629;519;1108;1636;525;1090;1645;540;1059;1661;560;1061;1644;582;994;1617;579;988;1638;585;979;1654;596
"Spol - SKUPAJ";"Loški Potok";744;821;145;703;832;161;666;830;165;622;839;177;604;840;188;583;832;203;558;842;213;538;836;214;513;832;214;494;833;222
"Spol - SKUPAJ";"Lovrenc na Pohorju";944;1429;304;912;1445;330;892;1423;354;871;1442;371;848;1443;384;817;1432;401;779;1433;423;762;1412;430;717;1414;436;684;1429;443
"Spol - SKUPAJ";"Luèe";587;622;111;568;614;123;534;624;130;518;608;139;492;614;150;494;612;166;477;608;181;470;605;178;455;616;179;441;608;186
"Spol - SKUPAJ";"Lukovica";1439;2481;538;1418;2481;623;1400;2512;650;1391;2514;704;1379;2536;738;1341;2550;792;1295;2539;869;1255;2571;894;1191;2626;927;1179;2666;961
"Spol - SKUPAJ";"Majšperk";1282;1834;386;1217;1807;440;1170;1811;446;1131;1766;479;1114;1771;505;1071;1820;524;1035;1826;576;1002;1863;569;973;1895;602;946;1904;623
"Spol - SKUPAJ";"Makole";708;911;180;680;923;198;655;899;199;648;877;216;628;897;229;617;897;238;605;901;241;584;910;251;560;916;264;538;928;272
"Spol - SKUPAJ";"Maribor";21871;56772;20429;20830;56161;21871;20063;55969;22576;19534;55621;23919;18983;55552;24536;18291;54977;25169;17743;53712;25920;17255;53362;26338;16942;54113;26894;16887;54258;27185
"Spol - SKUPAJ";"Markovci";1195;1904;352;1142;1928;382;1089;1968;404;1068;1910;442;1006;1930;472;969;1940;512;922;1935;542;885;1930;556;829;1948;591;804;1990;605
"Spol - SKUPAJ";"Medvode";3137;7298;2774;3022;7256;2975;3022;7259;3075;2950;7174;3212;2887;7175;3350;2796;7137;3494;2716;7145;3754;2670;7150;3884;2582;7220;4041;2577;7299;4156
"Spol - SKUPAJ";"Mengeš";1535;3516;1176;1500;3480;1251;1466;3478;1328;1456;3432;1442;1428;3409;1489;1408;3392;1567;1422;3345;1656;1390;3398;1752;1370;3472;1836;1379;3530;1930
"Spol - SKUPAJ";"Metlika";2332;3935;895;2273;3902;1001;2225;3911;1023;2231;3873;1064;2166;3900;1094;2097;3895;1162;2043;3873;1209;1983;3906;1235;1910;3977;1252;1909;4051;1284
"Spol - SKUPAJ";"Mežica";954;1818;430;897;1815;453;875;1812;463;842;1817;488;822;1834;497;795;1837;505;768;1817;525;747;1800;531;724;1833;543;723;1857;549
"Spol - SKUPAJ";"Miklavž na Dravskem polju";1268;3342;836;1240;3369;925;1177;3380;966;1162;3348;1032;1124;3332;1062;1083;3364;1113;1050;3356;1186;1040;3346;1199;1003;3482;1258;1023;3614;1282
"Spol - SKUPAJ";"Miren - Kostanjevica";1251;2290;639;1223;2286;694;1179;2273;728;1160;2240;771;1133;2218;808;1100;2206;848;1050;2195;913;1030;2213;914;986;2262;950;979;2263;971
"Spol - SKUPAJ";"Mirna";-;-;-;606;1241;379;580;1235;390;583;1198;405;550;1174;428;526;1155;450;512;1162;479;506;1169;502;492;1205;510;471;1219;515
"Spol - SKUPAJ";"Mirna Peè";809;1216;310;787;1239;345;745;1257;356;730;1268;395;704;1254;416;695;1259;455;689;1254;481;676;1271;494;641;1280;525;616;1290;534
"Spol - SKUPAJ";"Mislinja";1347;2085;548;1277;2077;583;1244;2105;608;1217;2060;653;1153;2084;673;1132;2060;720;1084;2038;755;1047;2067;765;995;2080;787;972;2076;831
"Spol - SKUPAJ";"Mokronog - Trebelno";996;1177;284;964;1212;312;939;1226;337;910;1252;372;892;1257;396;855;1261;431;820;1278;450;800;1274;454;771;1306;470;756;1320;493
"Spol - SKUPAJ";"Moravèe";1425;2170;488;1381;2184;567;1355;2205;596;1346;2198;643;1323;2209;702;1270;2269;728;1242;2287;786;1211;2324;805;1163;2374;860;1135;2413;880
"Spol - SKUPAJ";"Moravske Toplice";2232;2447;555;2141;2452;636;2061;2460;647;1988;2453;705;1901;2464;754;1844;2465;792;1776;2462;843;1693;2501;883;1647;2506;887;1601;2559;914
"Spol - SKUPAJ";"Mozirje";1123;1719;582;1088;1733;612;1067;1748;613;1043;1746;662;1003;1732;689;962;1725;727;928;1721;772;912;1734;816;876;1747;849;858;1776;866
"Spol - SKUPAJ";"Murska Sobota";4748;8810;3349;4588;8799;3498;4403;8794;3574;4265;8623;3698;4141;8606;3784;4045;8539;3893;3929;8436;4019;3863;8406;4024;3801;8386;4095;3758;8393;4160
"Spol - SKUPAJ";"Muta";992;1635;348;963;1641;375;950;1627;383;939;1590;414;913;1572;425;880;1564;447;858;1555;481;823;1576;494;783;1599;510;776;1629;516
"Spol - SKUPAJ";"Naklo";1043;2502;812;1025;2483;873;1036;2479;922;1002;2415;981;997;2402;1018;951;2407;1064;929;2429;1115;913;2437;1150;916;2455;1182;897;2433;1195
"Spol - SKUPAJ";"Nazarje";759;1216;251;748;1216;279;735;1220;295;706;1195;323;674;1201;345;653;1211;357;629;1206;381;598;1211;405;588;1228;420;571;1246;436
"Spol - SKUPAJ";"Nova Gorica";8058;14099;5684;7745;13932;5953;7576;13845;6064;7441;13609;6216;7333;13548;6369;7096;13529;6586;6939;13438;6803;6696;13437;6901;6513;13698;7003;6469;13762;7058
"Spol - SKUPAJ";"Novo mesto";8892;15493;6284;8546;15425;6684;8202;15471;6824;8016;15241;7214;7771;15196;7469;7616;15146;7760;7382;15038;8001;7195;15088;8177;7006;15505;8363;6955;15809;8491
"Spol - SKUPAJ";"Odranci";683;631;127;635;636;141;608;634;143;600;627;149;586;650;158;568;647;164;554;648;177;536;653;184;516;679;195;500;681;197
"Spol - SKUPAJ";"Oplotnica";1166;1867;357;1147;1883;398;1114;1907;416;1059;1909;458;1020;1928;482;1009;1906;529;982;1898;578;948;1902;606;913;1919;626;871;1936;651
"Spol - SKUPAJ";"Ormož";3996;5821;1051;3826;5820;1153;3689;5841;1232;3548;5820;1307;3448;5842;1403;3304;5863;1446;3153;5810;1561;3025;5813;1591;2852;5808;1637;2767;5824;1672
"Spol - SKUPAJ";"Osilnica";151;183;34;145;189;36;135;191;32;134;186;34;125;182;31;120;184;31;117;187;34;111;184;38;109;185;41;103;185;35
"Spol - SKUPAJ";"Pesnica";2294;3541;696;2194;3552;761;2128;3591;792;2051;3552;855;2008;3587;898;1928;3553;925;1908;3519;982;1813;3600;1010;1722;3624;1048;1694;3719;1071
"Spol - SKUPAJ";"Piran/Pirano";3936;8550;3289;3662;8491;3485;3659;8656;3514;3517;8529;3664;3405;8564;3803;3326;8539;3881;3232;8412;4059;3109;8331;4119;3001;8354;4229;2953;8388;4234
"Spol - SKUPAJ";"Pivka";1809;2569;701;1748;2589;753;1710;2625;789;1671;2597;816;1624;2631;840;1594;2644;889;1566;2611;959;1516;2618;970;1499;2699;1008;1477;2749;1025
"Spol - SKUPAJ";"Podèetrtek";1083;1432;280;1062;1428;329;1029;1438;339;1023;1417;386;988;1450;399;941;1455;432;923;1459;474;895;1461;489;880;1516;525;863;1524;530
"Spol - SKUPAJ";"Podlehnik";699;840;135;666;841;142;653;866;144;616;873;155;591;856;158;584;862;173;560;930;187;555;912;199;524;896;194;515;860;205
"Spol - SKUPAJ";"Podvelka";884;1155;177;843;1164;191;799;1168;196;762;1148;205;714;1138;221;703;1115;229;671;1119;243;656;1123;245;634;1145;251;624;1138;257
"Spol - SKUPAJ";"Poljèane";1276;2207;468;1236;2194;528;1198;2182;547;1133;2156;571;1094;2144;592;1067;2130;619;1030;2134;659;995;2109;663;1010;2158;671;999;2169;688
"Spol - SKUPAJ";"Polzela";1716;2600;731;1651;2581;801;1620;2563;858;1586;2548;931;1557;2544;1000;1533;2564;1044;1463;2598;1110;1413;2604;1135;1343;2668;1171;1337;2668;1233
"Spol - SKUPAJ";"Postojna";4011;6830;2546;3858;6757;2725;3765;6694;2828;3728;6677;2947;3677;6734;3032;3560;6829;3067;3476;6810;3216;3402;6849;3253;3261;6881;3336;3292;6994;3401
"Spol - SKUPAJ";"Prebold";1274;2273;700;1249;2280;766;1204;2325;803;1171;2219;832;1127;2234;861;1113;2206;910;1106;2188;978;1084;2174;995;1057;2195;1005;1033;2218;1027
"Spol - SKUPAJ";"Preddvor";861;1549;542;847;1501;611;815;1516;652;802;1478;697;764;1495;732;736;1514;745;718;1500;798;712;1509;821;701;1531;850;713;1507;889
"Spol - SKUPAJ";"Prevalje";1773;3313;809;1702;3323;859;1658;3330;876;1636;3283;928;1600;3280;973;1539;3295;989;1498;3321;1018;1450;3343;1056;1406;3364;1060;1374;3387;1072
"Spol - SKUPAJ";"Ptuj";5046;11772;3735;4823;11696;3996;4645;11546;4099;4475;11367;4306;4283;11362;4407;4088;11438;4493;3986;11346;4691;3890;11329;4821;3802;11449;4879;3759;11647;4973
"Spol - SKUPAJ";"Puconci";2483;2338;460;2403;2386;523;2314;2436;536;2251;2422;578;2175;2416;606;2093;2449;653;2009;2436;710;1950;2456;732;1892;2455;737;1836;2508;744
"Spol - SKUPAJ";"Raèe - Fram";1505;3381;992;1460;3356;1112;1416;3388;1190;1374;3346;1277;1326;3336;1333;1288;3388;1356;1261;3369;1420;1225;3409;1482;1186;3494;1551;1186;3521;1628
"Spol - SKUPAJ";"Radeèe";1223;2138;507;1171;2143;557;1141;2140;542;1094;2079;579;1071;2049;600;1038;2060;618;1005;2020;658;975;1999;668;895;2011;692;881;1982;708
"Spol - SKUPAJ";"Radenci";1382;2524;724;1312;2463;763;1300;2497;786;1278;2460;833;1249;2459;835;1215;2445;849;1187;2446;901;1150;2441;918;1114;2452;917;1080;2469;936
"Spol - SKUPAJ";"Radlje ob Dravi";1656;3072;632;1577;3135;685;1545;3123;698;1496;3068;754;1457;3085;770;1428;3045;799;1361;3045;834;1332;3047;865;1331;3076;862;1296;3083;874
"Spol - SKUPAJ";"Radovljica";3995;8968;3234;3857;8893;3441;3754;8853;3514;3667;8668;3721;3564;8593;3888;3462;8566;3973;3393;8475;4126;3317;8481;4248;3198;8550;4379;3158;8567;4463
"Spol - SKUPAJ";"Ravne na Koroškem";2672;5702;1642;2612;5622;1741;2568;5589;1786;2528;5478;1837;2461;5446;1913;2379;5480;1961;2285;5447;2030;2214;5443;2066;2144;5477;2121;2105;5524;2159
"Spol - SKUPAJ";"Razkrižje";466;560;129;444;568;140;421;577;146;398;561;151;379;573;154;371;552;166;364;556;180;350;563;172;341;563;174;334;570;183
"Spol - SKUPAJ";"Reèica ob Savinji";671;1044;239;654;1058;258;622;1059;279;621;1062;304;589;1081;322;557;1088;333;536;1079;357;498;1083;355;484;1113;371;475;1112;392
"Spol - SKUPAJ";"Renèe - Vogrsko";1168;2030;578;1131;2004;618;1113;1997;640;1082;1968;702;1043;1941;720;1037;1932;742;1035;1937;769;1008;1896;789;976;1935;820;949;1950;844
"Spol - SKUPAJ";"Ribnica";2444;4315;1201;2300;4322;1312;2231;4329;1346;2195;4283;1430;2079;4291;1490;1996;4286;1567;1940;4305;1659;1877;4287;1681;1835;4333;1732;1806;4341;1750
"Spol - SKUPAJ";"Ribnica na Pohorju";404;547;103;371;546;107;363;544;123;338;552;121;321;548;130;311;557;139;299;555;146;291;550;138;278;552;139;263;557;141
"Spol - SKUPAJ";"Rogaška Slatina";2865;5297;1135;2753;5322;1255;2691;5408;1300;2643;5341;1341;2596;5370;1404;2543;5302;1478;2471;5333;1561;2402;5396;1581;2321;5486;1633;2318;5569;1651
"Spol - SKUPAJ";"Rogašovci";1376;1210;191;1326;1232;208;1296;1236;212;1266;1234;232;1220;1236;246;1208;1219;258;1172;1210;274;1136;1221;284;1104;1227;285;1069;1237;292
"Spol - SKUPAJ";"Rogatec";995;1429;234;969;1432;262;935;1445;272;922;1444;288;894;1446;303;872;1466;312;840;1448;339;798;1460;355;764;1496;368;756;1519;389
"Spol - SKUPAJ";"Ruše";1762;3600;986;1719;3543;1033;1679;3527;1045;1658;3467;1124;1604;3464;1142;1543;3483;1178;1457;3475;1211;1409;3470;1238;1368;3477;1282;1342;3456;1300
"Spol - SKUPAJ";"Selnica ob Dravi";1190;2206;544;1149;2222;589;1112;2218;615;1086;2168;650;1044;2198;686;1004;2204;718;971;2171;749;940;2177;765;886;2208;795;876;2213;813
"Spol - SKUPAJ";"Semiè";1332;1609;366;1305;1614;392;1255;1622;401;1212;1600;440;1221;1574;453;1152;1595;478;1139;1578;508;1101;1593;507;1087;1617;517;1087;1640;540
"Spol - SKUPAJ";"Sevnica";5160;8231;1792;4997;8226;1962;4828;8232;2029;4736;8147;2157;4603;8204;2261;4466;8307;2314;4293;8295;2474;4147;8331;2517;4029;8479;2577;3943;8569;2658
"Spol - SKUPAJ";"Sežana";3178;6056;2017;3137;6075;2165;3054;6045;2199;3016;5997;2314;2949;5955;2395;2880;5973;2476;2813;5996;2570;2710;6062;2625;2653;6207;2662;2648;6280;2690
"Spol - SKUPAJ";"Slovenj Gradec";4133;7749;2412;4021;7657;2634;3921;7653;2700;3863;7558;2857;3722;7545;2947;3637;7503;3037;3511;7413;3171;3376;7411;3211;3238;7496;3286;3203;7499;3359
"Spol - SKUPAJ";"Slovenska Bistrica";5826;11968;3355;5713;11946;3721;5499;11969;3863;5392;11825;4068;5300;11914;4184;5094;11932;4389;4980;11864;4594;4875;11895;4693;4717;11990;4832;4682;12191;4897
"Spol - SKUPAJ";"Slovenske Konjice";3671;6765;1713;3498;6792;1900;3373;6840;1953;3331;6764;2080;3260;6879;2153;3133;6923;2249;3020;6975;2382;2965;7022;2463;2907;7100;2528;2912;7148;2583
"Spol - SKUPAJ";"Sodražica";629;923;286;611;921;305;592;933;320;588;911;335;568;902;356;547;904;359;532;883;391;518;858;400;490;872;409;488;877;412
"Spol - SKUPAJ";"Solèava";162;231;51;148;235;59;148;230;62;143;227;70;129;228;74;132;230;73;126;241;74;125;233;75;116;234;80;108;234;86
"Spol - SKUPAJ";"Središèe ob Dravi";622;1062;181;604;1066;204;581;1059;210;559;1017;228;540;1013;231;518;1013;242;488;1010;249;454;993;263;444;993;256;427;947;266
"Spol - SKUPAJ";"Starše";968;2119;464;950;2077;512;921;2075;524;900;2039;572;867;2017;596;841;2032;615;799;2009;632;764;1993;665;744;1999;685;728;2068;704
"Spol - SKUPAJ";"Straža";1053;1636;544;1018;1621;608;1001;1665;610;975;1628;641;946;1616;662;925;1638;678;917;1615;711;908;1631;738;860;1674;754;844;1713;757
"Spol - SKUPAJ";"Sveta Ana";962;901;132;916;928;148;877;949;158;871;923;182;839;927;197;810;942;205;777;960;209;737;963;220;704;981;238;685;1001;246
"Spol - SKUPAJ";"Sveta Trojica v Slov. goricah";649;1012;165;633;1013;194;618;1018;203;602;1013;219;564;1004;230;536;1012;241;510;1021;270;498;1023;278;477;1032;299;466;1066;302
"Spol - SKUPAJ";"Sveti Andraž v Slov. goricah";458;484;84;445;477;89;414;479;86;413;492;90;404;496;96;378;501;108;362;493;119;339;510;128;327;524;139;316;541;139
"Spol - SKUPAJ";"Sveti Jurij ob Šèavnici";1034;1219;195;1010;1215;231;981;1223;248;957;1223;262;924;1244;284;875;1240;298;843;1225;314;807;1236;331;768;1226;347;764;1219;350
"Spol - SKUPAJ";"Sveti Jurij v Slov. goricah";811;820;129;787;845;148;776;852;163;751;854;169;728;862;193;707;859;205;697;862;227;670;851;235;651;875;250;640;884;264
"Spol - SKUPAJ";"Sveti Tomaž";795;836;142;772;863;164;753;880;168;725;863;189;697;868;193;676;879;203;640;862;216;625;881;223;592;901;235;583;890;240
"Spol - SKUPAJ";"Šalovci";850;490;67;809;495;74;784;504;81;747;505;91;711;512;94;687;509;102;666;520;108;641;524;120;606;530;127;591;529;133
"Spol - SKUPAJ";"Šempeter - Vrtojba";1402;2917;1214;1370;2869;1282;1352;2887;1288;1345;2789;1332;1322;2753;1370;1263;2776;1395;1216;2751;1429;1154;2744;1441;1132;2756;1471;1143;2754;1501
"Spol - SKUPAJ";"Šenèur";1949;3696;1306;1870;3669;1422;1841;3681;1448;1786;3678;1512;1749;3720;1582;1709;3703;1668;1623;3700;1730;1597;3719;1775;1538;3770;1834;1642;3790;1873
"Spol - SKUPAJ";"Šentilj";2687;3870;704;2598;3930;785;2528;3974;829;2446;3982;876;2374;3971;915;2300;3947;922;2264;3953;1000;2228;4117;1032;2146;4074;1048;2078;4013;1091
"Spol - SKUPAJ";"Šentjernej";2170;2833;694;2107;2879;786;2025;2936;810;1954;2940;896;1902;2962;934;1849;2941;1000;1827;2962;1072;1768;2942;1097;1695;2992;1149;1658;3053;1172
"Spol - SKUPAJ";"Šentjur";5425;8255;2340;5211;8280;2546;5039;8307;2666;4869;8245;2871;4745;8306;2973;4583;8322;3098;4480;8260;3292;4333;8287;3373;4211;8442;3460;4139;8553;3540
"Spol - SKUPAJ";"Šentrupert";950;1200;266;931;1208;289;908;1253;294;917;1263;319;874;1287;351;863;1311;354;824;1262;373;815;1288;402;767;1349;432;753;1374;444
"Spol - SKUPAJ";"Škocjan";1112;1261;237;1063;1261;258;1028;1291;273;1003;1284;293;979;1304;309;962;1321;331;947;1314;365;912;1316;392;888;1358;405;883;1401;422
"Spol - SKUPAJ";"Škofja Loka";4980;10265;3774;4842;10187;4056;4788;10155;4151;4726;9966;4405;4614;9957;4518;4516;9904;4671;4361;9851;4886;4280;9809;4985;4159;9939;5081;4128;10022;5211
"Spol - SKUPAJ";"Škofljica";1682;4150;1686;1636;4170;1894;1626;4255;2051;1638;4249;2220;1611;4317;2362;1641;4433;2520;1613;4549;2671;1615;4615;2770;1602;4610;2878;1630;4769;3013
"Spol - SKUPAJ";"Šmarje pri Jelšah";3232;4268;1013;3126;4304;1141;2999;4354;1186;2922;4296;1267;2818;4329;1309;2738;4412;1371;2695;4390;1442;2638;4421;1476;2523;4499;1534;2460;4511;1600
"Spol - SKUPAJ";"Šmarješke Toplice";862;1428;391;841;1386;430;826;1435;449;783;1448;488;786;1433;523;763;1441;540;746;1446;564;728;1458;600;699;1517;621;680;1560;650
"Spol - SKUPAJ";"Šmartno ob Paki";796;1505;390;765;1524;436;742;1534;455;731;1510;491;704;1510;519;679;1517;545;644;1491;569;626;1522;572;598;1543;600;583;1549;614
"Spol - SKUPAJ";"Šmartno pri Litiji";1611;2451;521;1580;2446;594;1545;2468;631;1493;2438;688;1475;2445;705;1406;2464;755;1373;2481;807;1336;2485;836;1276;2538;870;1246;2570;896
"Spol - SKUPAJ";"Šoštanj";2388;4128;861;2308;4194;962;2233;4164;1010;2210;4167;1075;2154;4115;1132;2078;4098;1177;2034;4033;1254;1996;4032;1287;1941;4099;1327;1915;4165;1364
"Spol - SKUPAJ";"Štore";1301;1934;445;1278;1968;482;1242;1997;489;1185;1951;528;1170;1964;544;1117;1973;563;1076;2000;567;1040;2022;602;1030;2331;643;1030;2218;657
"Spol - SKUPAJ";"Tabor";500;695;174;482;687;209;456;681;227;436;671;255;417;688;271;393;687;281;376;683;297;375;679;325;354;679;322;346;682;346
"Spol - SKUPAJ";"Tišina";1496;1710;351;1438;1730;395;1396;1742;406;1363;1717;436;1329;1727;458;1285;1711;477;1251;1707;498;1205;1730;496;1191;1739;494;1168;1758;519
"Spol - SKUPAJ";"Tolmin";3599;4920;1593;3486;4913;1704;3391;4925;1717;3281;4838;1799;3214;4794;1848;3092;4771;1890;2986;4709;1984;2865;4714;2026;2764;4752;2043;2671;4754;2064
"Spol - SKUPAJ";"Trbovlje";4654;8297;2247;4444;8212;2349;4349;8138;2396;4184;7991;2454;4060;7873;2515;3907;7821;2573;3729;7774;2676;3597;7700;2713;3477;7693;2771;3482;7720;2797
"Spol - SKUPAJ";"Trebnje";4009;6486;1860;3210;5188;1676;3104;5246;1760;3032;5177;1864;2952;5207;1972;2924;5243;2096;2840;5296;2245;2772;5392;2315;2733;5517;2412;2684;5700;2456
"Spol - SKUPAJ";"Trnovska vas";481;579;85;467;585;99;444;584;100;431;585;110;387;590;118;364;606;131;353;627;140;339;630;149;330;625;155;322;633;161
"Spol - SKUPAJ";"Trzin";489;1636;1039;471;1600;1084;467;1595;1120;481;1545;1136;488;1519;1153;496;1519;1186;483;1483;1237;474;1470;1255;469;1509;1274;469;1524;1285
"Spol - SKUPAJ";"Tržiè";4242;6974;1898;4114;6951;2056;3992;6921;2104;3901;6824;2235;3755;6807;2341;3577;6827;2378;3478;6808;2484;3376;6798;2488;3306;6885;2551;3302;6864;2606
"Spol - SKUPAJ";"Turnišèe";1213;1424;279;1178;1441;311;1130;1448;320;1082;1455;325;1037;1458;334;997;1457;351;973;1440;374;934;1424;389;911;1432;404;885;1424;407
"Spol - SKUPAJ";"Velenje";7899;16046;4342;7557;16009;4700;7412;16000;4813;7325;15794;5095;7135;15502;5273;6931;15443;5431;6819;15312;5634;6733;15400;5729;6692;15688;5834;6780;15778;5968
"Spol - SKUPAJ";"Velika Polana";608;560;125;586;568;139;557;574;142;524;582;159;510;578;162;491;591;167;485;586;177;462;602;185;447;609;187;438;611;181
"Spol - SKUPAJ";"Velike Lašèe";1013;1908;576;970;1923;620;940;1942;660;904;1877;717;876;1862;744;855;1896;786;832;1876;842;799;1871;868;782;1911;894;768;1961;922
"Spol - SKUPAJ";"Veržej";318;616;164;328;617;167;311;626;177;307;622;189;293;628;192;282;635;199;275;640;211;260;617;225;261;613;223;278;628;229
"Spol - SKUPAJ";"Videm";1832;2636;439;1728;2681;501;1674;2701;507;1579;2697;548;1514;2669;572;1444;2695;600;1397;2746;635;1368;2764;661;1288;2842;685;1253;2875;719
"Spol - SKUPAJ";"Vipava";1455;2227;790;1492;2282;883;1399;2286;939;1430;2233;982;1406;2233;1036;1371;2208;1099;1352;2208;1137;1269;2189;1191;1194;2235;1211;1220;2272;1244
"Spol - SKUPAJ";"Vitanje";837;908;177;821;897;203;814;883;201;798;865;217;795;858;236;775;875;249;753;883;255;722;895;261;710;907;276;714;918;283
"Spol - SKUPAJ";"Vodice";984;2037;737;953;2047;823;949;2069;855;936;2055;921;893;2037;959;848;2046;1017;814;2044;1075;797;2073;1099;772;2112;1179;776;2095;1224
"Spol - SKUPAJ";"Vojnik";2243;3936;952;2140;3937;1047;2104;3989;1101;2062;3937;1211;2021;3995;1290;1999;3964;1368;1889;3975;1485;1846;3986;1528;1782;4085;1553;1752;4158;1587
"Spol - SKUPAJ";"Vransko";837;1053;280;816;1060;308;814;1083;320;774;1074;334;762;1076;357;735;1092;377;712;1087;402;674;1085;426;625;1111;457;606;1118;464
"Spol - SKUPAJ";"Vrhnika";3759;7321;2625;3620;7337;2845;3563;7374;2931;3459;7304;3087;3445;7302;3207;3332;7312;3340;3262;7279;3483;3172;7310;3612;3098;7479;3733;3083;7588;3839
"Spol - SKUPAJ";"Vuzenica";703;1346;302;664;1339;327;660;1352;341;639;1318;364;615;1330;387;594;1317;386;580;1285;412;555;1307;415;526;1327;410;502;1330;417
"Spol - SKUPAJ";"Zagorje ob Savi";4637;7957;1983;4451;7924;2157;4300;7912;2213;4251;7717;2356;4117;7688;2452;3969;7664;2541;3831;7599;2678;3653;7623;2747;3501;7653;2789;3438;7642;2852
"Spol - SKUPAJ";"Zavrè";549;758;74;537;817;80;525;905;86;503;976;85;468;960;90;438;986;94;418;1097;104;388;1078;111;367;856;114;367;824;113
"Spol - SKUPAJ";"Zreèe";1826;2910;674;1789;2866;742;1732;2893;753;1673;2870;806;1656;2868;847;1614;2907;893;1574;2914;951;1543;2949;956;1509;3009;979;1480;3061;1032
"Spol - SKUPAJ";"Žalec";5268;10190;2948;5105;10125;3149;4983;10088;3197;4882;9894;3347;4725;9923;3477;4629;9886;3608;4467;9871;3714;4351;9814;3866;4254;9954;3935;4219;10064;4012
"Spol - SKUPAJ";"Železniki";1867;2869;847;1793;2857;944;1774;2832;979;1748;2767;1051;1682;2775;1096;1649;2759;1134;1591;2732;1199;1558;2742;1229;1496;2733;1280;1458;2763;1320
"Spol - SKUPAJ";"Žetale";572;482;96;560;508;114;535;501;121;524;503;133;503;504;143;483;498;152;472;488;166;454;494;174;432;503;183;418;528;186
"Spol - SKUPAJ";"Žiri";1140;2300;648;1087;2302;689;1049;2295;722;1021;2235;750;1008;2222;779;966;2238;820;942;2196;873;917;2210;907;886;2229;918;884;2255;955
"Spol - SKUPAJ";"Žirovnica";738;2121;848;712;2129;912;706;2121;924;687;2064;980;670;2032;1008;665;2010;1044;646;1996;1091;616;2015;1105;581;2007;1133;561;2006;1152
"Spol - SKUPAJ";"Žužemberk";1578;1853;389;1510;1894;440;1428;1931;472;1356;1934;536;1314;1932;559;1258;1973;613;1225;1957;655;1182;1985;679;1124;2019;698;1106;2056;730
